2,46000,71665
6,40902
10,60296
13,47137
16,1182,2379,3930,4994,7308,15471,18046,18330,29787,36007,41506,44999,47947,54725,61189,67269,70275,77828,83087,86421,91259,92307,95973,99931
27,90953
40,10448,17983,45616,61888,74790,89494,97234,98017,99172
53,1849,15632,16490,18257,18389,22609,23549,23898,25592,28693,29742,35000,40266,43315,46697,46916,49149,54676,55070,55448,56261,58235,59204,60840,72864,77832,78224,78466,78641,78963,78999,79203,81237,81593,83956,87740,87759,91692,96375,98240,99961
69,39515
70,28631
72,41917,48024,50176,53965
88,22651,44648,51036,81667,89913
89,3778,7988,8199,13040,13334,13403,16460,17777,21075,26593,31377,32387,37464,39629,40177,42281,48595,49845,53625,56488,63235,66396,66957,67123,69785,73674,84159,85333,86280,87926,88178,90935,97325
96,39000,69600
122,17323
135,941,1040,3864,5145,6317,7525,10145,12274,12293,16037,16956,20574,26851,27247,31023,33569,33975,40674,40796,41553,47042,47511,53043,56789,62994,63229,63812,70969,72747,77246,79688,80757,85047,87793,91575,94227
139,18978,31402,54038,84161,85122,88126
140,4564,5354,5854,6099,10493,10545,11504,15187,17437,24559,26738,28983,30719,31978,33842,34584,37740,43197,45947,55310,58470,74513,76511,83165,86261,86793,92409,92425,97993
148,10575,47068,64537
153,62814
154,47537,49162
186,6652,10265,23092,27543,36918,40890,54901,56184,61897,71980,75168,82450,82953,87303,92293,97285,98808
189,8318,25583,41885,49459,88304
193,54850,83120,92052
198,4957,16578,16939,29254,30078,31087,43553,48835,83906
214,1290,9784,11773,12255,14372,15414,21610,21924,24199,25847,28916,31039,35003,35189,35434,41864,46124,59617,62704,70276,71159,77274,81692,83588,83767,88025,88556,89400,90589,96248
215,20796
220,54913
272,4604,5595,7246,7990,10686,20144,29611,30295,30569,36377,42643,52195,52887,54658,55803,61442,67380,68313,70748,77654,78289,88333,95079,98119,99123
277,3124,89931
289,36181,54103,67352,71853,79225,80105,83429,83660,88398
305,21219,23911,28536,28539,34108,36371,36979,44115,48282,53037,54750,57998,78168,80093,82253,83909,91277,93200
338,832,887,2128,4163,4298,4306,4334,5730,8454,8899,9371,9681,9740,12095,12622,13349,14235,14288,14962,17689,18385,18410,19161,20057,20604,23738,24198,24358,25365,27492,27845,28353,30515,30765,30914,31357,31605,32292,34759,35076,35768,36173,36259,37839,37918,38508,39892,40063,40324,40522,40560,40969,41158,41185,41340,41375,41567,43132,43463,43603,43883,43896,44294,45604,46060,46235,46423,46889,47413,47789,48885,51264,52212,52830,57479,58063,60100,60197,60947,61681,61933,62529,63659,63793,64205,64627,64669,66566,67750,68020,68149,69381,70741,70915,70954,71614,71914,72566,73986,74000,74012,74904,75554,75575,75651,75675,76510,77439,77987,81889,81936,83777,84253,85113,86024,86197,86541,86642,89939,90282,90931,91305,91633,91772,92019,92334,92630,93212,93817,94051,94479,94899,96210,96596,96857,97447,97644,98412,99083,99134,99262,99279
346,466
357,830,1525,1741,2003,4703,5803,6291,8419,8879,11468,11995,12942,13821,17646,18393,20108,22152,22309,23161,23902,24375,27005,28145,28390,29022,29764,31574,31691,32415,34459,38336,38761,40737,41501,42857,43173,43461,44008,45051,45886,46232,47706,47719,48671,48783,48985,49327,49516,49646,51277,51647,53261,54393,58026,59130,59848,61468,62351,63109,64007,64044,65506,67472,68111,68268,68401,70782,71085,71732,73267,74691,75159,75237,76223,78292,79249,80130,81440,82594,84199,84352,85636,85685,86367,88462,91712,93546,93924,95474,95563,96390,97331,97488,97493,98805,99031
365,1226,3596,3845,4361,6799,10960,11472,11941,11981,13715,14564,14681,15223,15415,17134,17643,17746,17826,17994,18754,20163,20979,22623,23440,24229,24864,26557,29585,30091,31541,31999,33213,33231,34106,34134,35203,35210,36807,36932,37755,39109,39158,40650,41430,42037,42238,42621,42830,43286,43763,44998,45441,45876,46408,49750,51889,53075,53271,56208,56224,58370,59035,59239,61756,61984,63309,64067,65273,69464,71926,72359,73095,74655,74876,75410,76693,77231,78211,78570,78967,79062,81191,82624,82873,83092,83480,84036,85397,86130,86770,87130,87911,88788,91370,94780,95420,95531,96996,97415,99247,99425
373,24069,32402,49087,52737,53621,60727,88067,98946
374,2250,4056,5270,5764,6475,7509,7511,8304,10427,11225,12343,12566,13662,13668,14458,16458,18442,19351,20195,20869,22993,23186,25404,26212,29710,30939,31182,31665,33125,37031,37115,37241,50013,51450,56348,58599,59156,61619,62035,64215,64677,66548,67778,69204,70048,70359,71497,73592,73841,74051,75937,76148,76195,79936,83371,84187,85474,85656,86953,87877,88698,94627,95196,95693,98046
377,63038,63900
394,937,2796,4265,4274,4838,5271,5421,6796,6909,7593,7650,7723,8230,8622,9130,9231,9542,9558,10036,10395,11316,11562,12041,12046,12116,13281,13643,14007,14483,14534,14798,15251,15296,15538,16691,16767,16826,16990,17108,17476,17650,17990,18028,19073,19146,19412,19871,19899,21386,21453,22343,22663,23305,24065,24088,24820,25343,25423,25691,25917,26101,26270,26639,27200,27393,27853,27963,28484,28526,28870,29223,30180,30591,31351,31814,31971,32063,32126,32420,32534,32914,32973,33130,33269,33392,34426,35327,36688,37093,37526,38222,38417,39273,39551,40123,40343,42069,42274,42327,42577,42600,42868,43152,43299,43517,44340,45717,45757,45969,46051,46140,46439,47253,47815,49524,49573,49836,50346,50621,51452,52469,52819,52929,52936,52988,53690,53915,54387,55089,55321,55638,55711,56507,57101,57320,57762,57926,58935,58957,60816,61151,62124,63616,64169,64871,65208,65262,65469,65766,67019,67796,69299,69436,69488,69537,69771,70050,70101,70699,71484,72939,73047,74339,75982,76635,76820,76856,77091,77773,78150,78298,78315,79357,79677,80960,81361,83643,83719,83880,84295,85011,85012,86244,86400,86848,86877,87618,88325,89092,89371,89591,89762,90018,90090,90321,90645,90960,90967,91070,91152,91601,91995,92031,92095,92418,92741,92975,93194,93632,93813,94198,94587,96019,96813,97212,97948,97991,98950
425,9164,23061,32693,57612,61525,67043
430,2005,3439,3451,6485,6562,8327,8497,9002,11538,15383,16636,18023,18532,24826,26087,27372,29681,31475,33664,36953,41436,42155,44528,45156,45448,46692,48979,49603,50294,51182,51671,58540,60043,61175,61347,62426,66184,72254,73182,75869,76618,77359,78531,84437,85952,86012,92193,94453
437,84983
438,4740,5911,7883,11965,15805,23252,32393,33181,45176,45458,53258,58662,63556,68240,88161,91274,93805
451,7784,8110,11930,15018,17739,19296,21282,22039,24674,42407,42941,42999,49800,51842,53947,53960,56783,58839,62472,68292,68885,73999,75002,76049,77579,82692,83881,84964
457,4256,4889,25476,39464,72656,75951,88403
458,59736,78080
485,11263
493,523,39709,64086,96354
533,18773,33031,53490,55128,64761,85804,87137,90803
535,1738,4474,6238,22423,26626,30261,31117,44163,45065,48451,50424,55684,55837,57850,62484,64774,67321,70762,73001,75389,78336,90969,91315,92421
539,19249,21354,29258,32694,34452,43886,69366,82256,92018,95867,98818
545,14001
550,8788,12460,17976,24806,26185,27967,35717,37472,39726,43210,57385,62109,66168,81539,84816,93591
555,79138,88569
577,4852,7323,11975,14193,15680,37305,41096,44880,53244,55439,59249,59500,64938,68984,75362,75415,79495,81990,82563,84234,84327,85830,93165,98199,98823
582,2921,10593,16305,18788,20687,26294,26992,27580,34044,36839,44152,44714,51237,51331,51949,52109,56970,58400,60664,62976,66794,69163,70154,70248,72552,73398,80420,81353,85256
599,1207,2931,7376,10971,16897,19196,21340,21633,24967,26480,27951,28820,35057,36366,41111,42503,46572,48066,48623,56635,57562,58049,59219,62042,63857,64042,64290,64323,65922,71541,72411,75514,75886,78600,79102,84096,85494
625,6777,16096,22701,61999
638,6655,12247,16274,19076,20375,21479,27712,29749,34720,49696,50816,55164,60844,69904,73689,76768,78409,80634,97578,99232,99392
640,1356,3860,4281,4582,6394,8040,8767,8886,11345,11726,13054,13619,13820,13921,14447,14898,15108,15973,16783,18305,19036,22724,24860,27560,29018,29404,31550,33083,34822,35379,38925,40525,42441,46975,50121,52620,52869,53712,53995,55677,56754,58597,61103,61797,62128,64161,64994,66211,66691,67078,68144,69371,71269,71458,71627,71905,72457,74072,76251,76333,77295,78107,78297,78588,79317,79387,80909,81697,85461,85842,86404,87104,87442,91191,91865,92209,93265,93399,94108,94429,95214,95419,95670,96304,97676
648,7023,78499
654,79229
666,10815,17283,31156,35962,39850,45581,45881,60489,77609
684,32660,39413,45411,45763,50437,58523,67171,68467,74393,80312,86931,92569,92718,95512,98493
685,4878,5162,7208,10104,11169,13189,16890,26118,28977,29355,38536,39114,39252,40452,42785,63024,64101,65702,65986,66197,66679,73341,81408,81730,85071,85960,88373,88549,88663,99390
697,55376,75822
708,5931,12497,32090,50276,51838,61150,62584,76285,79031,84235,92287
720,877,1147,2822,3693,3873,4499,5053,5884,6501,7234,7389,7932,7963,8659,10885,11891,12413,13616,14360,15139,15760,16290,17854,18529,18588,20749,20868,21257,21347,21632,22259,22436,22649,24828,25768,26351,27402,27498,27723,28673,28687,28969,29163,30549,33522,34730,34746,36914,38352,40025,42614,43004,43768,47468,49457,50856,51092,52154,52880,54030,54829,58967,60122,65247,66560,66809,67203,74077,74182,74952,76369,76521,77302,77485,78192,78688,79198,81067,81116,82710,83930,84410,84935,85078,85978,86267,86885,91729,94217,94238,94928,96078,96591,98637
740,6031,6256,22975,26786,33409,33744,37596,38179,39964,55909,69638,84939,89493
741,3189,3438,7742,14496,14951,15455,16075,29527,52747,52799,62444,66259,66887,79791,79984,80497,82522,97039
743,85989
761,91725
780,842,1880,2015,2174,2394,2576,2686,3379,4146,4511,4640,4780,4929,5240,5661,7142,8193,8312,9029,9175,9456,9671,9701,11081,11125,11551,13136,14373,15781,15924,16580,17679,19118,19496,20105,20111,20930,20931,21069,21085,21213,22087,23719,23765,25215,25399,25521,26205,27385,27785,27960,28209,29320,29424,30012,30407,30414,32248,33718,33900,33991,34643,34985,35237,35523,36799,36857,37033,37683,38754,39277,40413,40468,40910,41322,41929,42217,43312,43319,43391,44312,44754,45463,45478,45825,46145,46237,46239,46272,46639,47070,47590,48140,48493,48509,49009,49224,49236,49627,49866,50327,50714,51082,51569,53053,53594,53890,53954,55629,55891,56676,56739,57099,57714,57826,58010,58059,58325,59092,59578,59635,61809,61936,62073,62904,63190,63342,63773,64275,64344,64533,65179,65752,66189,66605,66670,66802,68817,68883,69191,69382,69701,69755,69821,70102,70612,70948,71046,71080,71439,71460,72207,72891,73187,73718,73803,73919,74147,74601,74636,75065,75263,75274,75825,76133,76238,76330,76878,77342,77749,78954,80344,81026,81351,81363,82077,82126,82175,82334,83009,85223,86248,86255,86698,86982,88653,89613,89665,89708,90611,90788,91122,91963,92051,92586,92924,93168,93257,94170,94534,94830,95031,95711,96116,96732,97044,97351,98096,98919,99237,99655
798,6019,94967
800,8426,9245,16868,18974,28955,36277,40613,43687,44720,47954,48925,49131,49552,54351,54593,55048,60371,60451,61320,64844,70076,70515,75502,75729,76205,78604,86396,94335,97073
802,3536,4833,5553,10454,12240,13688,14595,18182,18783,19102,19217,20331,22542,23591,24050,24071,26776,27273,27846,28267,28432,28492,28765,29495,30182,35367,35887,36199,38795,39761,40167,40414,40541,43033,43800,47145,48771,51763,51834,52559,58827,59329,59606,64122,65049,65999,68265,68278,68365,69930,72130,74034,74219,76798,79246,79382,79613,80485,81898,85086,87524,87772,90126,90656,92438,92508,94577,95508,95823
851,1210,2714,6334,18612,23382,30906,40277,41712,55406,58147,61340,66000,71581,77760,83444,96671,98167
852,5496,6905,15669,23599,41889,43835,58308,62305,72225,75966,77475
876,1494,1653,2654,5096,5797,7200,8921,9715,10284,13968,16603,23544,23652,24240,24890,26188,31485,34291,36196,37970,42601,43178,44058,47078,48571,54433,54538,54808,55124,55583,56816,57278,57711,58889,59903,60810,61040,63153,65643,68126,73467,74047,74452,74627,75679,76935,77699,77712,77925,79236,80711,83478,85027,88563,89804,90944,92304,92467,94648,95335,97515,99787
880,40420,92861
886,4607,13939,67155,78949,88900
889,43748
894,12259,30661
899,20456
908,6821,12089,24411,40665,57351,74076,82484,86920
964,6022,38835,40121,64671,68435,72980,75659
981,15515,29602,54273,75347,83737
988,12581,19883,32846,35702,46912,47806,68181,71553,73991
996,1140,2028,3718,7207,13860,14285,15160,21640,28152,31789,32224,34174,35832,36724,39003,41619,46994,48933,53666,57237,60557,63546,67949,71124,71174,72065,78077,81984,84641,89706
1005,11984,44181,47812,49643,52922,57391,75614,78931,79445,82790,94876
1008,24422,38884,40743,42631,46080,47589,73493,74164,86710,92455
1013,58196
1038,26779
1049,4134,94070
1053,17586,40644,77256,80528
1060,5636,9928,9941,15335,26203,27997,33677,44758,47577,50222,55483,58319,58696,59879,71161,92422
1061,14749,27237,28569,37479,67997
1074,38027,74318,91500
1090,51573,72113
1102,10638,12570,14314,15698,18784,30636,31094,39075,43017,43252,64766,66280,74661,94109
1107,65585
1127,33591
1129,6761,19373,31892,33009,47716
1141,2739,7257,12679,13278,13329,16017,16444,18724,19125,20881,21035,21416,21963,22460,22775,22782,37869,39714,40208,41671,44212,46648,47265,47421,51649,52580,55337,56811,57361,58552,59497,60381,60387,61312,62906,64695,65655,67677,69335,69800,73421,73894,78502,86245,86530,87154,87243,87332,88294,89290,90288,94481,97204,98799
1166,6593
1173,4035
1175,23912
1178,3120,36338,47591,61539,66096,66862,75325,76720,78143
1192,1557,6702,14155,14471,17462,17724,18817,23983,25271,30048,40440,41664,49491,52603,55135,60565,62659,62777,65038,73651,75634,75795,78970,80905,81061,81617,87996,91172
1201,38058,40160,59270,59571
1223,1569,5219,6033,12486,15510,17624,18847,24379,24424,24973,25170,26743,27915,28623,29597,31751,39486,40507,41381,43194,45990,47094,48020,51356,55822,64850,68813,70328,71868,72503,73294,74542,75467,76585,79808,87590,90116,96017,98952
1244,89975
1258,77448
1285,9846,27140,30565,38176,44906,47272,69378,75719,81175
1286,1347,3020,3410,4229,4536,6343,6668,7716,7831,9218,9995,10624,14470,16097,17249,17376,17448,18443,18669,18759,20823,21088,23184,24487,25747,26283,27502,28160,28932,30005,34335,35339,39981,42143,44673,47148,48201,49323,49341,50450,51537,51745,56554,56621,57471,57834,58266,62393,63041,64375,66217,67081,72968,74445,77127,85647,88121,89043,89074,91364,98625
1289,11868,24511,25741,54449
1321,22154
1326,46844,64661,87408
1335,75570,75923
1349,49909
1355,5733,7179,22723,24449,27463,33252,34609,35665,38796,42712,44373,48714,48768,51907,68855,84961,86629,89072
1405,3437,6363,14602,17090,18684,41680,49147,51873,58180,61754,70989,76691,79326,80835,81751,82141,84705
1412,42886
1423,1652,7619,9011,10038,14104,14919,20731,21876,23777,24142,28689,29431,30479,34168,35105,35310,36389,37293,37461,40349,40769,41105,44282,45198,55925,56058,56154,56346,57061,60590,71217,73673,73972,75205,75990,80062,81225,88544,95461,97434
1433,2857,2901,9512,14735,32414,55983,67208,84817,95942,98479
1435,8212,13081,50053
1451,10995,18570,24577,49221,58931,62039,76379,99085
1464,82323
1466,36820
1474,31867
1485,5575,8121,13312,19227,22176,22820,33838,35362,38632,42630,50111,70088,70646,71869,87194,89288,93909,99410
1490,3190,5146,10224,13523,18996,23318,27661,28377,39063,40476,45084,50715,51694,53026,56626,57606,70054,71231,81454,98899
1503,1879,2982,11122,13672,15483,17758,21136,21209,21574,22827,25845,28836,32226,36829,37752,41841,43740,51067,52070,60764,61335,61390,74389,78698,78926,83456,84751,87678,89803,90521,94213,99199
1514,7296,11427,17302,18168,22391,22622,31578,31826,35781,36974,42961,43988,65058,69370,83076,85132,86013,87599,87890,92474,95260,96175
1532,43158
1559,17357,19361,30267,31016,36448,40592,41069,59344,62708,65466,67431,74884,75474,87333,95991
1564,13559,44774,98078
1605,2748,5127,15154,16500,54974,66249,83186,84668,86565,87055
1610,41916
1664,54280,61519,62242,84044
1684,24087,26225,27192,28695,34712,37749,38503,39707,44072,44136,50687,92333,95700,96990,97213,99028
1701,44059
1715,14652,20041,40676,66014,68241,70224,81554,90391
1747,24054,31890,42326,56411,59502,64826,71211,82171,93102,98657
1749,2763,28837,30867,53291
1755,6544,7041,10428,32708,34248,63274,64623,66545,79160,86550,88833,90616,91065,91320,91345
1798,18893
1803,16259,29403,41448,70780,75767,85327
1820,9388,45033,59399,59995,62226,81773,92706
1834,56525,77498
1857,14056,46229,50165,68955,85787
1858,28880,55277,69692,81317
1864,43204,75706,98510
1902,9783,12438,34569,39452,77049,77374,83460,93502
1910,46965,69438,93260
1921,32009
1926,4583
1957,6807,28696,30470,34701,36005,39157,43880,43932,49080,51325,52692,76114,78646,90370,92298,95650,99985
1982,22871
1984,26891,82660,91930
1988,6613,10778,17675,19898,26831,38583,40842,69348,92184,93721,94340,95467
1989,5693,8247,11183,21201,21313,40278,45267,50250,53732,61310,65818,74317,80162
2013,65760
2016,90410
2026,2973,10581,21370,21407,31050,37502,42209,47015,49302,52585,70253
2035,36048,49568
2043,47383,52084,81051
2066,14059,25186,38370,54954,59670,82801,86552,87865
2076,12901,29132,72632,77508,79397
2079,5068,5156,37246,40491,46753,54205,65432,77524,83070,84434,88411,97280
2096,16136,17115,35490,88705
2106,66167,75031,91802
2107,19580,28425,31477,44956,91827
2111,63517
2123,35910,67866
2126,3849,5722,42457,50192
2152,2282,14228,19413,78084,84670,89592
2159,4029,7474,9522,12531,16886,22664,27326,33258,38007,38673,39733,46265,54624,59374,59809,65200,67026,67510,75529,76818,78354,84779,93787,95485,99388
2173,9631,29154,39019,48420,71306,96197,99294
2175,5540,12294,39404,44029,48026,68053,77691,84952,85092,86381,94537,97016,99079
2211,44020
2239,4602,9669,19723,27885,29285,32885,36160,36653,40703,62923,71522,93504,96320,98215
2241,19897,69491,79283
2270,29155
2272,69207
2275,9853,10831,11802,21532,23844,32937,34716,42797,52917,55994,60662,63787,74461,83059,84577,85700,87102,91072,94013,96994,97805
2303,12012,25714,27755,28337,30967,36339,41223,41865,51122,56180,58314,62147,62352,62578,65447,97511
2312,10769,98162
2331,8881,37660,53655,65482,87395,98428
2334,44826
2354,18080,21422
2362,31558
2378,33670,82700
2397,98469
2419,4708,19124,19365,30950,35753,38093,39561,41593,49359,52260,86890,93685,96015,99805
2433,8045,11540
2487,4209,15356,19957,31338,34769,39696,43855,50554,61239,76875,87837,89964,93090,96718
2506,28419,40564,49451
2520,18976,22044,39461,50875,65202,79535,93056,96876,98229
2523,8330
2568,59193
2572,3567,9159,21117,22427,24964,25553,31353,37744,39796,48281,68014,71189,76385,78422,80223,88105,96067,96929
2575,92633
2587,40614
2593,86628,98677,98921
2596,51948,70345
2604,4417,6818,6877,8602,12842,15086,20214,21165,23374,26284,29104,29573,29894,30578,32110,33174,35546,35884,38798,40747,41550,42560,43236,43794,44841,45709,53117,53329,54849,55645,55742,57985,60917,62142,62668,67301,68284,68561,71477,72118,72807,74466,78594,81569,84537,88667,89752,93179,94504,96640,97553,98827
2610,29515,54517,68521,77463
2628,67735,76802,95304
2634,29923,49363,49816,51454,64092,95056,98441
2637,18341,26194,66602,71739,82735
2643,14061,29984,44718,67051,73512,85079,87404,91413,95301
2646,17588,34507
2660,5046
2665,3043,3494,5825,11479,11584,12409,13833,14505,17128,26884,29688,32355,32956,34389,40771,44039,44170,46682,61412,67658,84865,85853
2679,19806
2698,4311,4323,6189,7910,14263,16013,20768,24987,25490,26740,27325,28943,32054,34346,41573,42079,42429,43670,47377,49005,57066,61273,62987,63060,66292,69571,72497,75756,77092,79451,80540,80787,87901,90280,90824,96861,97630,98059,98758
2700,6928,67931
2759,28840,31458,38505,40968,45504,50718,59563,60466
2770,25306,94009,99574
2815,7985,37430,50607,56406,89040
2828,3798,8742,9748,9762,11615,14391,14585,15629,16415,16779,18199,18854,19726,21183,24478,26729,27141,28102,28347,28399,29313,32206,32461,36027,39089,39470,39475,39979,41440,44219,45417,46262,47965,49538,50902,51080,51225,51472,51861,54047,55765,61878,62060,62624,62958,65517,66854,67991,69317,69365,71878,71913,72088,72275,72378,74945,76410,78447,78945,79305,83016,87113,87278,87481,87598,93512,93671,94220,95205,96723
2831,40455
2833,92995
2879,52804
2881,9163,19727,26362,68356,71650,93159
2904,19229,19539,21275,26488,30951,50049,54681,86023,87647,93708,95917,96158,98048,98844
2925,3117,3583,5700,13158,15441,15459,22155,24141,24192,27308,28702,37698,40551,41857,44257,53321,55158,57426,58174,69862,78651,83071,84701,90191,95709,97546,97814,99347
2928,15106,15387,47724,47936,62369,84800,98106
2947,83740
2953,35943
2954,30105,36081,58215,95456
2958,11268,83490
3012,65780,73263
3037,13474
3050,6430,8165,22914,23227,26470,26479,28191,36187,39581,40193,41650,43742,49703,55058,57749,62076,69699,71107,74069,75934,77460,81185,93150,96219
3075,13980,18078,18768,24483,39734,39779,40609,45527,49001,51920,54918,56501,63539,72143,79263,82991,84798,94136,96164,97153
3088,33038,46596,51455,56086,57804,63215,78666,80464
3094,88389,96820
3102,5477
3108,3789,6040,6380,8764,14547,14894,20964,44749,44943,63894,64429,71940,99987
3114,5984,6211,18232,36292,43977,56763,57433,62160,71645,88097,90739,91455,97614
3118,5973
3138,41849
3227,9963,30234,48385,55543,59707,60357,68897,81635,94390
3264,37695,87557,94756
3286,24803
3316,86208
3341,4052,8694,10075,12819,15506,17644,17850,17911,19932,20831,22459,24100,26787,28713,29282,29649,31125,31187,33957,35715,36464,44724,46090,46591,48998,50087,51606,53606,58866,60553,65113,66776,75469,76737,76928,77444,81500,85089,86369,89515,91499,92355,92667,93463,94690,94823,97270
3349,23807,26859,29374,46998,48176,50412,50694,50879,51557,52907,55749,73600,84675,87024
3367,7083,21712,83013,90784
3376,58705,80923
3380,77944,99947
3407,10462,10813,70473
3420,7637,10392,14469,24999,65920,90600
3425,13889
3448,17212,32648,33982,34205,79860
3489,55573
3493,80426
3502,3528,4362,5778,7149,7562,7697,7934,8114,10307,14073,17623,18997,20293,20543,20563,21442,23193,24965,25620,25623,25782,25817,26587,27576,28331,28949,29523,34940,35724,36393,37465,38287,38648,39286,40874,41486,42528,43375,44787,44796,46330,47257,47988,48980,49789,52207,52343,53142,54101,61414,61673,64863,65218,65746,66936,67443,71787,71890,73597,73677,75398,76403,76845,76933,79767,81211,82514,83204,83848,85937,86720,88086,88985,89303,89535,89584,90891,91292,91715,91956,92266,93344,93630,94081,95165,95580,95790,96443,96835,97320,98179,98448,98620,98868,99628,99678
3580,83110,83560
3599,8360,8739,14328,14408,16180,17909,34423,35952,44550,45024,48788,49903,52107,53168,59282,60605,64962,67607,70096,70340,74845,77646,78230,82090,82174,85283,88393,90998,94838,99814
3606,8377,20364,47834,50289,53095,85974
3616,7187,14996,22059,43037,84995,95662
3618,67482
3629,51381
3635,10283,18949,23588,25405,34756,72064,74348
3648,4786,10315,55506,59762,88510
3652,5494,6178,6203,9129,13584,15211,19738,20756,29274,30386,35359,39108,39693,42151,43952,44950,53840,64743,65022,65191,65214,65859,68969,70477,74564,77138,77165,83644,84230,85452,89149,94125,98436,99145
3659,61108,62247,92245
3668,4920,5199,12539,16683,16918,20544,20922,23848,24204,25755,26167,27134,30432,30509,30921,32136,35564,35917,38763,39720,39932,45953,46878,50514,51739,51835,56241,57215,59401,60542,63283,64171,68923,71247,74151,77321,78702,79815,82006,88620,90745,90801,93005
3720,71034
3721,17036
3722,69425,72834
3753,27586
3790,7876,8852,10709,18834,20852,33383,37171,38914,45942,57782,66551,73515,76951,86496,87376
3819,8224
3828,55968
3833,21322,23094,41452,43661,47813,51340,57482,72218,80264,86272,87806,92748
3851,12632,61288
3881,9546,9668,12567,27181,57683,75179
3902,12861,41605,45161,98693
3910,23278,25589,47771,50105,74417,75748,83674,94089
3914,10304,11447,15547,23388,57696,72318
3917,78527
3957,6984,24684,30063,39745,40466,47369,80939,97392,99820
3975,6072,40512,59081
3998,86559
4034,18536,81174
4037,59199
4044,19085,32105,61768,65493,66509,71258
4073,6730,10644,16369,17836,18998,21246,22054,25581,25617,25881,32357,45593,48314,50555,61932,63624,72182,73794,74255,75448,78618,80623,87640,92128,93304,98895
4086,25105
4125,57982
4136,9548,15664,21404,23567,24731,45955,50061,73403,76458,89322,89370,96838
4141,88208
4181,12548,21504,43820,67028,98583
4253,5577,10133,24030,37769,48352,73217
4259,6180,10140,10602,23542,33601,37068,37942,42177,45358,48319,49376,50024,60287,63348,65343,83546,88565
4266,25079
4271,27018,49055,58520,67135,69617,85586,95155
4273,76366
4288,14521,50761,52643,95055,98158
4289,25214,25528
4313,11652,17351,34755,36039,72371,74456,86726
4342,9858,56600
4343,12858,34311,44230,79115,84486
4442,86772
4452,6619,8112,14957,42337,68198,77827,81125
4454,6882,6995,10332,16240,17396,20020,23166,24455,27060,36617,37027,57077,91650,95990,97275
4524,5570,39217,66745,85425,91175,98789
4567,73570
4576,5010,23132,30164,61918,62053,64087,99019
4581,6691,16556,26446,29340,32258,33065,33575,35071,49152,55656,56527,62900,67990,71253,72326,72687,76435,76901,89404,95449,96089,99304
4598,44038
4610,33268,47763,53873,88356,88368,88839
4630,16950,46536,63393,97555
4638,11819,15942,16670,16940,17857,18160,18457,19988,20106,23689,23725,33877,37194,37372,37699,37939,41315,46153,47367,50184,56814,57597,59132,59414,63589,63837,64174,67714,67818,70238,72099,73516,76753,85797,85846,86281,86284,86590,86773,86901,87412,89258,90974,95192,98126
4653,59191
4747,5711,6375,31137,32478,33609,34852,36571,39465,55719,56686,60115,60674,61648,68266,72803,73237,73901,74453,74549,76073,89201,94615,95574
4776,29867,37831,52621
4790,17599,26670,38218,61556,70362,76064,86818
4812,68132
4824,48750,64049,88996
4830,64000,77806,80379,96678,98882
4844,33834,37460
4874,10484,59388
4901,14161,38316,56983
4947,79055
4951,32348
4995,42054,51894
5057,9079,31230,50573,53877,69019
5070,7461,17706,19979,22406,24294,29300,41638,44832,66195,70668,71850,73558,74124,75596,78282,89148,99462
5073,15137,24371,68076,78813,99456,99955
5080,7044,90748
5083,11497,13225,19963,20194,22797,22857,30038,31941,33794,36285,38525,38999,40830,48927,49556,49605,49624,66619,68644,77083,78184,81385,83640,94606,99022
5090,15195,80852,98953
5092,7254,7301,13721,13893,19639,41571,68316,73130,86935,93225,94304,95974
5104,27052,54820,76601
5108,73056
5126,12336,15134,16463,38477,45497,60354,63586,71991,72702,76623,84521,85525
5134,48658
5137,7177,9046,12575,12905,17328,25151,25324,27589,33046,34408,42970,51530,53740,63119,70036,72478,85601,86378,89085,97909
5149,8645,13244,13423,21650,27165,27548,28285,32629,39592,42588,44729,53389,56143,56242,63093,63351,65494,66514,67491,70666,71955,73822,77526,86217,89684,93584,96088
5163,6191,17458,39370,40794,52481,55388,87745,89477,90814
5207,6755,29346,57384,60795,66718,74739,75014
5221,85152
5241,34101,34163
5274,7468,15986,25262,29676,58333,62662,65016,72972,73994,75372,75580,87973,92867
5280,31152,71521
5295,95755
5311,84045
5320,20740,39295,43822,47152,67261,93120
5347,9270,9663,9790,10979,13306,21447,23433,26571,28742,31258,38558,39376,42764,45258,54880,56121,58938,59689,62102,67945,69559,76230,79709,86797,88456,88702,92158,94184,99781
5358,8439,11942,31422,45297,48775,52351,61128,92790,98342
5369,10799
5378,35463,40599,87184,92734
5393,40545,72235
5409,52558
5442,53787
5455,7491,39297,42265,72333,72957,73188,88603,97723
5458,11565,69223
5465,76652
5479,11381,17380,40412,50759,57165,58692,77020,87773
5491,44322,50722,67794
5495,31863,94286
5498,31630,40575
5505,6628
5517,11302,18904,32071,32903,32939,41293,41580,45520,56417,64079,77968,80069,84408,86268
5539,36282,55369,65575
5599,21034,29858,43767,95235
5617,13846,27469,32004,47821,50241,69828,88324
5639,11437,11987,14938,19987,20022,22275,22685,26474,26555,28800,31957,36715,38704,39628,40360,41424,42519,42554,47843,50175,50255,51427,52852,54386,60575,62264,67425,69350,75113,79078,85118,85841,88364,90590,96922
5648,9104,24451,30935,45394,95747
5771,27662,33142,61895,68092,71280
5773,30802,32925,44888,51942,63241
5790,34745,61783
5818,53158,57235,58971,59056
5829,13255,43568,49375
5865,6539,13942,16651,33530,34247,40447,49675,94373,95215
5921,6770,9412,13882,17208,30600,31862,32437,32801,38151,38539,38782,39466,40998,44011,47635,47753,48245,55776,56065,60977,66611,68324,70160,80079,89294,93776,94018,95337,95781,97174,97562,99383
5923,8018,11966,13854,14747,21048,23128,26315,28741,31201,31984,37933,38196,38327,38976,42734,44465,47176,47478,48040,49338,51083,51269,54396,55908,57204,65100,67713,69923,70922,74675,76229,77047,79281,82592,89479,90083,91229
5991,90069
6009,74625
6010,7627,10176,11256,33427,49824,52177,57185,64860,73866,73940,76417,77975,81426,83630,99310
6032,39817
6059,25040,74335,74616,85765
6069,34053,47381,63541,82451
6090,28474,56364
6104,27989,76787,93384
6127,89482
6136,7801,21922,52517,65696,73065,90876,93094
6144,22654,37610,54167
6152,17798
6181,6294,11610,17881,36077,37338,58293,74428,85135
6266,15896,30278,66589
6281,31606,49284
6295,56316
6304,9276,9839,16609,21365,31731,33119,42193,43760,45148,57522,59041,68131,70792,73888,74346,79690,83149,85581,91761,97188
6315,29141
6325,7533,51374,53160,84435
6340,88377
6341,70338,83058
6377,7805,12533,15742,31523,33045,44421,45356,47167,58812,63940,65354,70441,70697,71390,76090,85785
6381,47344
6418,9949,21011,22070,22286,22318,23968,25694,40371,46811,46869,47523,61796,61964,64236,69910,70012,72462,72645,76336,77413,78460,79904,80358,82043,82060,82372,83799,84509,91227,96091,98327
6428,45767,57878
6437,7747,15918
6441,13896,62121
6458,30427,43283,50842,65885,91794,94019,95052
6470,96842
6522,38470
6543,75164
6624,55582,66162,80830,91642,92494
6635,11038,17269,32035,45719,45810,54558,55680,62702,83976,96400,99585
6646,61276
6660,89600
6673,37609
6675,9600,11932,46904,52757
6732,26655,28434,29581,30874,46321,59284,59357,62772,79269,90567
6760,17398,25045,34390,38700,58875,59709,80579,85888,88952,94063
6767,21558,61458,64828,71767,74286
6772,28313
6822,10781
6828,69968,95371
6834,54207,60484
6846,15947,26542,30480,44169,60622,66346,80300,83852,98407
6848,74150
6861,12309,12672,14960,19796,24207,25369,31932,51517,59783,65127,65389,67190,74696,84680,98578,99198
6872,44976
6874,51882
6883,65552
6887,9776,21175,40718,49921,69738,91528,94065,96271
6888,41201
6891,84508
6910,17207,17296,20492,29803,79221
6958,70928,96768
6964,44839,87213
6985,42484,42750,88870,92026
7051,51148,63807
7061,8924
7063,14200,21363,30492,42950,56454,61181,90356,91925,93659
7089,11950,26105,26683,37714,40046,43342,56777,58516,58651,59981,76892,81847,89109
7094,13612,17969,26684,43597,84475
7111,55106
7114,24191,30490,89023
7158,13382,26186,26952,43569,64847,81649
7161,93554
7168,24397,85100
7186,25882,81206
7189,7221,22353,22798,37897,42286,45214,63474,84894,95398
7191,17816,23062,23886,24531,25108,26675,27646,29160,33880,35378,35477,37028,39001,39387,44985,47597,49448,50359,55630,56034,57713,57788,63704,66783,84966,88171,88818,95150,95949
7251,16869,49434,59396
7273,38685,49589,79770
7309,22077,24213,47790
7310,15214
7332,73445
7344,72813,74213
7346,58618
7370,73750,80278
7375,51447
7396,65720
7409,29295,50812
7412,15501,28405,83155
7414,13258,60035,65145
7417,17568,95980
7418,8565,10656,12064,13826,15358,16165,16807,24910,24922,26359,27374,34180,35354,40566,45122,45591,48423,48590,50457,53079,59248,59782,66933,78656,83907,86360,93273,98588
7426,9288,31434,46454,53513,56706,58487,66251,70200,73661,78873,86538,91644,91780
7429,94035
7441,19232,61246,75473
7444,16260,26713
7463,20093,65206
7472,33893
7478,41877
7498,21066,87729
7532,63570
7538,16255,17492,33330,44302,62410,68461,69986,74809,80517,87571,90155,90775,97047,98492
7543,53063,95929
7555,58494
7560,47235
7597,14698,17423,31677,46444,49702,98551
7626,33763
7646,58908,68785,74253
7659,23804
7692,22013
7706,44526,69756,74125
7737,23041
7746,16785,67627,96870
7749,16223,29600,31340,75435,76474,82149
7751,20650,27821,42433
7762,20233
7772,79713
7865,13268
7908,56260
7916,9455
7927,9350,21902
7936,38867,64135,71430,72284
7947,11629,66598,74120,90987
7961,12254,33309,34897,36237,43003,43691,50036,60277,60419,65616,67585,80955,82993,87894
8027,43949,79240
8058,19099,33069,87324
8100,8824,12475,13188,13997,22320,23768,45734,67149,68164,70113,70540,74377
8135,36891,45792,49052,51019,57536,60822,62057,62964,67105,81862,92941
8154,17711,54910,57534,93816
8205,9539,11402,29889,30205,40606,56152,60497,81899,94580,94889,97710
8238,51782,75984,76222
8251,79049
8253,20634,23022,44871,51913,62063,86872,93539,93901
8323,32289,55920,68523,85007
8335,84170,90185
8351,76059
8356,44178,54276
8365,44709,46032,87456,91405,94846
8368,22756,22867
8371,12412,18017,27414,27420,27550,90194,90996,91128,97393
8381,11924
8403,91019
8408,64600
8513,14745,15854,23229,23906,53055,53721,66902,67515,72847,72936,93489
8557,19186
8575,42403,43036,79996
8586,38106,38776,44802,50212,76374
8597,54297
8640,14545,49242
8672,37801
8733,23012,52370
8737,19499,21940,46125,72388,87472
8741,12296,19917,23843,32993,33605,34780,57742,60135,89111
8773,51902
8799,12241,28306,51845,54180,62861,71563,75344
8805,12078,24690,28221,33610,34610,35574,37674,52346,52615,54363,55931,65369,70146,74215,91234,96236,99930
8817,91817
8851,25018,51854,62206
8864,79722
8871,11936,22626,22958,35242,40495,45607,49938,58162,74968,76316,95569
8882,35860
8893,15016,16817,27286,31805,49686,53843,57662,58357,63594,73706,76378,79299,86666,98304
8906,32871,52184
8914,42820,76853,79977
8953,26247
8984,33783,45920,52468,55402,65272,74849
8996,22381,27659,30424,33564,33800,40467,58328,62387,66097,66242,66491,82329,93033
9015,50870
9021,94001
9025,49775
9027,9113,13238,42257,46834,52258,53348,83510,95462,95708
9058,67781
9059,43875,78197
9074,21521
9098,60777,64409,67839
9125,28195
9132,45512,64517
9142,25599
9255,9509,11281,22642,32975,34099,40009,45371,47406,47601,82773,85907,86946
9264,11376,12007,52587,70472,76962,94665
9300,46683,76731
9305,13743,40169,56000,63918,66697,94898,96854,97018
9369,87511
9383,35450
9400,83962
9403,39268,55637
9407,15595,62111,66899,76920,78087,98071
9428,15910,18134,22986,36510,38637,64356,78235,96325,98013
9460,21376
9470,73728,74727,75959
9495,25878,40673,69909
9529,9889,15158,26518,61436,73762,86206,97267,99860
9561,22936
9576,74078,85449
9585,67336
9591,74650
9675,46573
9683,26264
9696,27624
9705,52666
9727,22241
9759,94237,99882
9766,23572,56613
9777,73053
9854,20248,61407
9865,39361,41359
9870,15821,72148,79890,83820,87950
9912,99441
9929,46948
9930,43119
9938,40012,67597,83116,83738
9970,61245,81808,98037
9979,24243,28534,39756
10024,50643
10092,20670,40199,40454,58056,67589,74850,77395,94718
10116,14026,15116,50531,52776,64109
10118,18731
10134,35647,54369
10170,65010,73680
10212,80397
10228,14123,74827
10229,91621
10230,35567,36521,44615,70433,84796,98975
10266,25846
10286,93288
10300,28309
10308,36058,36099,38475,58194,71127
10313,31845
10319,88217
10322,58434,85059
10331,73308
10340,90411
10350,45892
10377,28497,54015
10399,16582,38901
10419,14592,40010
10429,12374,25575,45174,99045
10436,96392
10437,29684,45506,63564,66321,74747,75234
10451,58785
10458,41395,86469,87025,99807
10471,64438,95409
10485,29954,39349,67033,95338
10490,18367
10534,13256,32256,61059,68992,73181,77957,80683,94947,95159
10546,93285
10562,15351,23244,29238,32107,36566,51385,85720
10611,57550
10741,17962
10746,48199
10795,47690
10796,13028,22962,51047
10797,22681,76596
10801,24440,57458
10824,32310,65162,88486,97489
10833,39769
10837,28632,48424,66971,72483,73669,78088,80878,85789
10875,13097,86887
10894,23461,45583,46899,47588,52046
10955,14254,21110,37974,38886,41228,49000,57456,74677,82874,88553
10992,13187,42468,62902
11055,15794,16428,17700,18233,20379,34842,41992,46468,49898,50394,57860,91929,93497
11071,67375,93873,97175
11092,22608,25287,45203,54059,65035
11115,13069,24797,67848
11149,38100
11171,90446
11186,56937,97808
11193,98122
11212,25958
11273,26476,99140
11295,17925,58554,68155,77088,82497
11303,22693,28401,28478,43600,65003,83293,87506
11311,46527
11359,52964
11382,60744
11385,94355
11390,43199,49355
11404,76015
11406,62974,71285,75348,83011,83571
11416,27485
11480,26297
11667,66769
11671,13205,14719,61532,62171,86918,98726
11704,47260,58893,64455,73092
11756,42714,59711,91681
11761,55350
11767,60967
11771,17683,19138,19927,23216,31587,32657,46276,72090
11784,34442,47345,50034,53358,98274
11803,25715,39860,69663,79726,92352,96916
11836,99334
11849,15473,44451,52403,82384,93898
11875,25719
11882,55052,76354
11889,12656,44799,48277,68469,76523,77904,78524,84821,89698,96657
11901,12004,13027,24808,27858,34972,36253,40947,57527,66454,71172,73400,76765,82112,83970,96769
11902,40585,88064
11927,13471,81986,92082
11935,77160
11973,41033,88054,89454
12063,18785
12088,72025
12159,74113
12169,80739
12175,29138,55829,58628,77481,90242
12208,50525
12218,32927
12244,66406,82733
12278,24376,93011
12283,25301
12335,12786,46228,52223,58038,68545,82401
12367,46541
12377,22576
12396,86673
12416,77201
12420,27240,36935,56470,61789
12433,28905,28993
12443,17919
12529,54660
12546,51334,95526
12549,23420
12609,83817
12618,63338,90474
12668,43827
12675,21489,68894,78771,92057
12722,24858,38779,50507,58195
12780,29582
12832,38195,43654,57633,93026,97071
12862,63498,83757
12869,24645
12979,26253
13007,46304,97764,98784
13085,27884,31000,31953,33659,48964,50132,70336,74875,80985,85478,90454,96576
13144,57831,82411,90030
13172,18551,37396,73705,80846,83044
13175,50893
13191,21076,27036,67548
13194,70597
13252,28330
13266,44012
13272,13756,17501,22121,73568,74226,79995,80632,86625
13291,59859
13309,60685,68432
13383,60045
13414,37477
13453,17544
13489,64725
13539,26322,27922,38410,39684,45377,80875,85218,92497
13574,39819,51322,51690,55294,82181
13638,87156
13650,36900
13664,96840
13677,91493
13696,48794
13698,79108
13702,81406
13706,93785
13709,30360
13758,24080,24908,25661,27317,28361,58620,71591,74577,90730,99120
13759,19258,98067
13764,20372,48600,60836,61444,69760,87142,93164
13778,40879,72479
13779,42132,42562,48711,86090,97545
13786,60075
13797,54851,66797,82699
13802,15321
13815,23282,82642
13819,62605,88595,98042
13880,72614
13933,52956,60288,94954
13945,36755,61293
13951,82239
14051,83404
14052,33861,52631,97180
14090,92900
14105,22507,37905,68326,69157,77178,97167
14115,14289,84522,91638,95034,98964
14126,59261,84747,92922
14154,26461,32082
14231,40242,73411
14264,33889
14266,59464
14270,49192
14318,99796
14342,33694,51481,72393,92254
14350,15522,22653,74626,84573,87019,87930
14445,16400,23112,42663,62266,98239,99292
14451,20128,28941,68558,90395
14516,38400,56908
14523,41064
14557,16595,19299,30812,31474,37604,38599,57200,66324,72788,86125,86179
14561,18607,33784,49962,59466,94028
14635,22205,23243,31989,34445,37659,39664,39845,40347,44608,55424,55886,74510,81448,84915,87948,90892,95560
14642,67985,72141,76746,79912,80222
14683,22624,31254,32385,67349,75069
14695,22712,25224
14742,84345
14773,80515
14786,24363,33217,43703,52475,65024,89444,96290
14789,23279
14814,23175,27419,43663,51778,76915,91905
14824,16008,16579,32865,40047,52790,57467,60959,65194,72740,82544,84174,94519,96937,99290
14832,32499,35403,36730,92766
14885,49048
14899,18126,51076,66053,70228,76722,79957,89614
14925,17869
14983,21472,22393
14991,93096
15020,62490
15028,81391
15036,15950,63053
15084,33738,47649,62449,96699
15097,29702,37843,48011,72263,78076,83633
15140,78859
15277,91838
15300,48043,56274
15311,30910
15372,46554,94732
15377,18805,23714
15410,68620
15422,20124,25094,32617,46921,51214,60241,66682,80484,84431,85625,98322
15528,36659
15608,53648,63214,73820,75601,77259
15635,84978
15643,19026,75129
15675,26645,35510,54678
15708,24078,25019,31891,62071
15709,59311
15710,58124,59531,60022,61987,70159,76914,87229,93343
15718,19613,36055,86028
15724,31248
15727,17740,18552,65470
15758,17133,18031,79619
15784,32915,38076,42131,78748,97871
15804,25033,30128,43131,50798,54699,58793,68575,73465
15830,44961
15834,63494
15835,18166
15841,76943
15967,25042,68430,72507
15968,74211
15983,26903,63480
16021,57661
16027,33296,59532
16050,67676
16101,69682
16178,50691,66037
16187,36647
16192,34864,52562,53687,56534,74569,83461,85924,87650,98773
16193,45295,70799
16204,17407,25593,37134,37893,39302,95950
16239,47677,84741
16252,23976,27957,28554,51765,70410,74446,99794
16263,56290,58377,65196
16296,71423
16323,75155
16348,46320,77972
16360,36507
16365,63823
16378,61477,68094,87440,89820,95105
16382,45131
16384,54364
16387,48494
16397,21797
16435,17597
16445,45565
16482,39474,66191,81170,89241
16501,24866
16505,25975,65142,77716
16508,86823,99344
16540,21707,31718,74653
16577,47984
16586,20599
16601,57665,94694
16618,63512
16639,98230
16658,81505,89714
16675,37108,42582,50405,71536,93408
16676,29162,74392,88382,94317
16679,33629,83652
16684,18503,48770,49515,95375
16697,18032,21355,27703,37993,63333,65360
16761,52366
16793,73349
16801,27800,32988,35704,46401,48075
16832,29408,54522
16855,60880
16856,49206
16871,58351,59955,80275
16887,60834,75037
16900,48727
16923,20178,29636,36878,40629,41748,44933,51060,65170,69654,74364,74892,81007,81318,83824,87693,88674,94779
16933,27620,46555
16936,44730
16962,40409
16965,25456,35543,38807,70978
17002,51803,71589
17012,19573,21595,32450,34169,38292,41852,53856,64903,65254,71503,80660,98722
17027,29948,35230
17028,79449
17050,74912,77775,92655
17106,50325
17118,18794,71257
17179,33955
17186,38604
17264,22593
17279,34107
17301,23102,59083,84406
17311,89919
17326,40761,56545
17332,22407
17338,34284
17365,73368
17374,25516
17399,18081
17440,58917
17466,89990
17510,54190
17551,17980
17578,27079,36990,37153,74652,79344
17647,30819
17662,25932,47436,60139,78437,79219,82494
17676,26501
17680,34837,35566,85379
17681,26097,51971,61870,71566,73624,99616
17703,64578
17705,79847
17709,90970
17716,82742,89503
17755,18924,25613,46035,51116
17870,86902
17914,18781,25061,42702,46005,60154,66061,74634,95615,98596
17948,32646
17959,41775,44746
17987,46452
17996,23380,34820
18077,30225,41266,45265,46942,46966,58831,59163,61851,73221,91039,95450,98951
18091,39532,89715
18098,54080
18110,28992
18181,96006
18183,53245,53663,69351,95589,98287
18191,44345,87658
18195,23938,49089,96987
18259,89459,94781
18272,76837
18301,96277
18310,97042,99197
18313,27000,50395,60230
18318,38450,49400,51727,62483,63189,70401,76870,90423,91264
18329,27536,55912,93191
18362,22450,45522,55710,60821,77762
18386,45601,71435
18419,65021
18477,43867,57853,73325,95107
18513,96149
18531,54969
18578,83136
18601,28421,52105,55536
18620,32686,89123
18718,23450,25150,29820,30677,36813,39839,46340,47953,50967,60087,60546,61749,69667,78176,92338,98529
18747,93220
18752,90190
18757,30839,34398,84366
18796,21476,26960,30168,53425,58453,66445,72200,80546,93055,99089
18831,31234
18841,37483
18863,28429
18869,94243
18875,94808
18887,62318
18907,27346
18944,78725,82429
18946,46106,99403
18963,47580,56218,89572,98824
18968,75256,98115
19011,49972,55183,77288,94610
19021,19498,21631,21692,33254,36313,39429,47692,62364,65630,72945,74753,77338,80193,86428,94717,94858,95583,98501
19079,75247
19081,26272
19109,28362,75356
19198,23621,31686,68670,85954
19203,52410
19287,21817,28356,40165,41468,51891,63623,63706,76489,77442,97660
19293,45865
19307,44172,45068,47474,85076
19323,48982
19371,53030
19383,55309,64397,91126,96848
19460,42901,53907
19480,66064,93666
19549,55535,75499,83451
19554,22620,26171,49169,55834,64278,86204
19561,45925,58834,69581,74082,87851
19587,81233
19592,23100,49831
19601,21998,66892
19671,30692
19678,22168,49066,72401
19765,42642
19786,24155,39478,51492,83875,86067
19803,65037
19813,22293,61476,65342,66226,87016,97716
19867,24148
19901,54869
19953,50045
19993,22363,30631,31784,35520,51335
20045,28930,39963,41148,58704,59127,60652,79433,91311,98298
20103,20346,59008,63398
20112,26742
20164,26099,28555,29874,30959,31105,37630,40303,72210,75619,80285
20166,26481
20188,45715
20218,38283
20225,56059
20260,79315
20261,27966
20345,21247,23066,27680,47011,48359,60745,66844,67119,80406,81716,90558,91256,91793,92103,95357,99829
20369,94550
20374,36194,40835
20387,61219,81227
20412,21371,34860,40935,41345,46317
20425,23900
20434,63806
20522,60915
20533,95053
20534,86328
20537,82154
20547,26980,41268,45671,72599,84599
20550,35649,42156,57975,58329,59412,77859,79525,88820,89347,89697,91322,96344
20633,87334
20648,90243
20652,99735
20660,75135
20663,60305
20696,86940
20700,85574
20830,85865
20837,24442
20848,43110
20850,53195,83205,91249
20862,54768
20878,47925
20883,45404,48177,58510,66818
20899,69135
20911,22698,27382,52344,54943,69400,70141
21060,58445,82063
21062,47366
21125,74718
21164,22968,41629,77282,96047
21182,43142,49345,91288,94993
21193,95873
21195,29172
21196,32237,33710,51555,73872,99826
21215,35032
21256,32501,48983,63803
21298,97756
21306,35839,44325
21335,93803
21353,94468
21372,22484,73116,97246
21438,30391
21522,55489
21526,52143
21534,25446,81189,83484,85537
21538,69894
21570,33709,40373,40858,43244,53312,54010,54025,85445
21618,28316
21623,58092,76744
21679,66117,92115
21680,26468,85909
21743,37303
21820,27546,60996
21832,96353
21842,25949
21936,79070,92914,94181,94483
21970,22490,25169,27214,34374,56100,57913,67791,74791,77130
22015,53563,81616
22049,66069
22111,35168,63386,81533,85470
22131,29445,75411,89976,94138,97758
22135,76086
22182,37547
22210,39283
22211,37851,79064
22224,28048,29536,56695,76452
22242,25013,82032
22250,92504
22323,26523,50187,53073,62470,84127,95486
22429,30129,33232,40387,46988,64516,77255
22430,49689,68820
22433,47650,49106
22496,50177,58913
22527,35670
22538,54065,54469,75624,98692
22540,79891
22564,49576,51987,57556,81796,95314,98336
22603,45847,46886,47324,50041,50699,51575,59659,66319,98549
22670,57177
22718,81538
22773,44027,46509
22917,59468
22945,36579,41405,60709,62389,63030,71218,76863,79914,86884,88771,91938,99475
22954,25544
22971,72006,78936
23023,27782
23034,28029
23235,23678,64691,68958,91667
23240,70803
23253,38988,73143
23284,49932
23316,78915
23363,32776,43584,56238,63982,84419
23373,77853
23423,54787
23426,64738
23510,50792,53962,63177
23557,60960
23636,45473,51620,66050,90934
23644,40001
23696,71554
23712,78616,81099,87807
23787,40007,49965
23845,25875,55384,75976
23924,44595,51723,84916,88954
23935,78793
23936,26999,40832,46873,50171,71711,93992
23948,31692,32900,42925,42953,45038,45055,58643,69521,69877,77510,87801
23999,52215
24005,41548
24017,28064,29182,59769,83791,89259
24051,59447
24055,25439,42345,62475,78740,88802
24082,78366
24133,94916
24153,29468,35005,35390,57057,75336,87608,93142,93737,95418,97918
24234,39255,74928,89056
24238,85702,94789
24278,56512
24280,49934
24337,34540
24344,91998
24381,89666
24444,44971
24518,41482,94163
24528,36080,43895,52767,70599,84392,85457,94459,98897
24533,27666
24546,44486
24564,42277,69814,88001,91323,95322
24568,60481
24572,52406
24575,79276
24612,95173
24618,54234,56931
24679,34640,49344,57322,82637,99459
24740,79846
24831,49268,99493
24847,49234
24869,32772,94845
24916,87359,89175,94324
24924,43218,70421
24934,26029,32703,39966,48621,50600,54706,59402,63766,67278,69524,75571
24998,75794
25016,41329,50997,78434,98630
25095,36326,39208,91335
25162,25727,26126
25219,91542
25269,28884
25274,59890,73627,99099
25277,62516,93518
25313,71301
25406,44811,75751
25418,35334,82265,94696
25484,36489,76663,86131,90767
25594,61522
25683,53748
25701,34217
25738,85167
25745,74328
25754,50379,60925,87227
25805,32551,75849
25903,89552,99548
25922,32025,32158,58192,63578,85795
25943,31925,39335,48486,48592
26043,35865
26064,39992,66579
26117,90032
26142,30836,78066,97189
26148,30961,38194,61624,79114,86021,88816
26169,43596,49825
26175,97406
26246,71600
26384,93847
26402,80796,81817
26463,28857,38120,81793,91965
26548,64732
26573,54139
26638,46453,56519,62640,82725
26648,38772
26690,43804,67663
26708,29645
26749,39456
26794,27784,33155,48652,70914
26801,58347,76359
26825,67797
26872,30060,35159
26922,47662,66273
26940,45603,68008
26997,97452
27038,34560,73858,78642
27080,55716,57489
27111,36151,76793,83468
27138,80109,83806
27212,27962,62975,76173,87988
27220,45580,57555,94796,96192
27241,62836
27311,50408,54201,83436,87304
27333,76099
27335,59411
27352,37780,51714,65967,68873,93197,94558,96428,99672
27366,93979,96552,98159
27417,52678,87530
27471,43356,71578,99315
27551,50059
27606,71828
27614,29117,33700,36172,40383,40953,44930,48583,69504,72921,75423,81224,88823,93002
27628,88305
27633,92676
27704,74108
27737,89651
27779,71018
27814,59323
27836,40184
27838,31616,44260
27841,28305
27925,32115,35607,92503
27935,73153
27965,44060
27982,61886
28044,76342
28052,64224,80089
28088,33368,41991,76532
28246,69816,92414
28292,65652,91465
28301,66113
28319,36744,49286,53307
28420,50807,81166,93421
28422,57747,92313
28435,76356
28447,33993,43812,81108,85693,93401,96695
28501,30715
28504,31761,37646,44098,51416,90482
28517,32811,50930,66437
28557,30992,89194
28619,66330
28650,67628
28692,61512,77588
28769,40762,46550,54656,78609
28779,47286
28803,80895
28808,56431
28858,57231
28867,70614,86750
28900,46196
28921,75228
28945,81087
29012,71181
29025,73580
29069,41753,62579
29073,48830,63636,70688
29085,56012,79672,97335
29128,73321
29156,47852,55871,70798,97444
29271,46405,64867,96976
29417,39702,73007,82793
29493,68904
29503,66990
29505,60160
29510,32365,54549,56374,58832,78804,82226,90363
29546,38206
29547,35964,98297
29589,38337,41682,51253,96845
29613,86154
29650,44955,47266
29680,42195,68061,78353,85831,91576
29733,60170
29772,31698,47373,50678,61785,75367
29812,46218,49413
29840,97884
30157,46646
30169,80247
30206,43107,46706,52865,53096,57796,78733,79830,87234
30231,42117
30246,93838
30248,78242
30297,37640
30300,56010
30395,78996
30461,31544,91004
30503,57273,60980,67283,69148,80266
30504,91921
30560,82685
30735,31699,50965,55608,71260,96284
30840,75581
30855,48882,83709
30883,36169,49251,84564,98736
30928,70580
30975,50608
31115,81243
31168,89842
31211,58710
31298,56118,96064
31313,31396
31322,88948
31437,48072,49119,55845,63239,67401,78631
31503,44656
31543,94642
31551,38458
31618,73960
31737,47903,66683,95050
31796,58623,89271,92850
31801,74656
31831,91749
31855,54818
31882,42474,49933,52273,99116
31938,60787
32077,46227,72416
32167,80347
32185,84150
32211,91367
32313,59757
32397,57728
32418,94284
32430,43936,47938
32462,68677
32497,37371,40284,60535,79988
32597,86229
32868,79694,86262,95940
32875,40813,48821
32911,48077
32950,45316,49955,50634,69478,69664
32982,60724,89127
32996,49101
33015,44273,44293,45952,79427,94437
33021,55298,57214,63685,79272,83001,84460,86105,89498
33044,45770
33050,38907,83072
33061,36590,69010,69733
33121,42389,61171,64551,74911,82219,97305
33133,45797
33184,38575,83316
33220,48005,74859
33299,75482
33329,64876
33352,73170
33377,67694
33380,55477
33388,53473,56942,89622
33444,55445
33459,97842
33489,42743,59154
33516,90712
33534,38546,46499,57038,58835,74866,83628,95230
33617,36674,90862
33624,52013
33669,34783,35270,40439,58278,70710
33749,65531,76733
33750,40450,88668
33751,49319
33752,91235
33840,86825
33894,79341
34085,61510
34122,64210
34173,39124
34204,96618
34226,92733
34277,48706,57148,85657,89152
34281,93733
34364,45429
34373,61905
34430,45020
34474,96069
34486,62739
34488,44825
34511,36925
34581,90485
34591,73908
34664,76472
34767,39442
34918,98536
35038,57935
35051,48263,78849
35052,72598
35099,82846
35209,40923,41235,42934,94953,97244,98224
35228,46599
35333,94271
35336,37276,94313
35344,45946
35377,45521
35406,43024,58736,78313
35429,35848
35455,48171
35587,93488
35608,36907,38855,57958,83901
35609,54941
35730,82601
35732,63991,64403,65796,75351,75965,98231
35803,60263
35890,42823,60407
35897,49177,91773
35902,99316
35915,47505
35931,72311
35957,64048
35958,63826
35966,37426,77533,88227
36019,42784
36043,63949
36116,60049,81354,96008
36125,62307,70832,78058,79987
36177,39428,42180,42208,59944,68565,70227,87200,88192
36229,75134
36242,82168,92537
36254,38459
36324,70704
36365,88433
36527,87271
36565,43585
36584,43437,80097,81709,82117,94705
36585,96571
36588,42373,70749,80636,81031,86000
36666,53881,57758,82551,93544,99359
36687,87928
36747,52578,86697
36781,57480,89334,89920
36796,49949
36831,67594
36875,97106
36911,60379
36917,64445
36962,45669,64491
37021,54510
37023,93919
37038,76052
37071,58301
37247,56709
37249,59620,85961,95524
37256,64783
37264,77601
37271,70885,90518
37321,67999
37438,73998
37449,58479
37601,52523
37626,82414
37675,62143
37684,65637,74242
37711,91675
37737,55116
37756,63142
37768,92008,94586
37838,43469,94069
37857,60459
37858,40170
37886,84228
37896,70168,81323
38042,64887
38159,76357
38236,90367
38240,45960,60099
38282,81882
38348,78038
38444,68150
38507,93471
38548,50385,78653,97787
38709,43297
38757,50543
38766,60002,83982
38789,54831,81515,87086,92055
38923,47138,60295
38963,91934
39020,39567,90728
39028,85614
39039,48391
39048,44418
39126,67775
39147,39627
39175,88928,95761
39270,43476
39271,49277,56929,67412,81207,85863,90648,92166
39322,72768
39412,97087
39440,52361
39451,56215,82490,83129
39530,60563,96028
39623,44080,73498,78400,86403,97946
39698,78894
39878,84974
39907,73541
40024,60416,64721,81063
40037,63580,82266
40057,44591
40071,40196
40095,75470
40107,52326,57243,61896,82392,84167
40138,51259
40256,54225
40287,55041,98955
40293,63838
40442,54512
40487,68035
40499,73966
40506,55643,87381
40755,60257,81132
40810,94241
40837,85710
40891,89588
41091,44158,49407
41108,70035
41150,42686
41163,84924
41353,93696
41385,46263,49707,49717,65740
41461,45781
41480,54879
41493,41951,46015,49037,55167,59489,87863,92251,93969
41579,55212,96913
41615,84313
41694,65565
41703,63047
41723,86354
41796,45850
41808,55284,56933
41854,79121
41943,48384,85323,92125
42360,84831
42401,69996
42447,72679
42546,69582
42551,46144,85235
42715,69324,78879
42863,89476
42984,46034,46465,55520,59063,62982,64286,84749,99701
43059,97989
43126,66721
43157,55718,60330
43228,81871
43239,55205
43325,88687
43364,59430
43397,97778
43450,90240,96295
43487,65235
43506,51660,59541
43787,46654
43823,79373
43828,74605
44081,54802,78744,78924,91336
44243,91109
44264,76972
44315,71266,96054
44317,90417
44378,57868
44431,76723
44438,97100
44497,46779
44532,69611
44572,84585
44598,77891
44627,76885
44652,86553,96335
44674,83532
44692,90761
44793,94247
44821,56195
45232,90103
45256,94584
45279,72126
45282,78488,89164
45308,99571
45327,54872
45328,60202
45453,56629,72651
45462,69879
45472,53343,59439,61018
45476,63099,98213
45509,90407
45596,95234,97086
45768,50204,89489
45772,78370,83683,89580,90615,93718,97040
45783,72404,75555
46058,78476
46075,47049,69090,95237
46089,48938
46118,70931,99857
46368,64849,75239
46371,63983
46563,50768
46631,94582
46731,72881,88588
46798,79494,89598
46848,48644,58880,92788
46932,64614
46936,72136,78453,96341
47000,70987,73878
47129,48657,87031
47169,65723
47209,58789
47295,61913
47336,66083,66176,75606,79478,99728
47437,68177,87914
47599,61786,88260
47685,72715
47849,49278
47887,51418
47937,77072
48008,92908
48025,67906,69766,91281
48061,50526
48125,49044
48185,92724,99128
48246,86971
48261,64264,71291,86693
48324,59319,68751,98074
48327,55685,95977
48464,62914,89076
48491,68301
48603,51556,61727,82765,85622
48611,74058
48673,94663
48777,68375
48832,95785
48857,55063,58176,68874,71471,83654
48891,93315
48893,60857
49035,60246
49045,54889,98086,99018
49105,64226
49243,73601
49313,70073
49357,82280
49404,72056,72935,77962,86340
49633,81423
49735,50922
49748,78302
49889,62808
50066,57262,63204,72392,82817
50069,85896
50126,63392
50159,94107
50267,95644
50427,55647,67673
50511,72123
50518,53428,75204
50654,68854,75576,93088
50670,87880
50712,88296
50773,61583,71216,78085
50968,51309
51199,98647
51268,73891
51317,73692
51494,76694,88859
51546,85699
51614,79035
51742,73540
51744,65080
51876,66692
51928,61380
52068,92481
52094,60573,69937,77166,93950
52192,68263
52241,73739,96536
52353,58271
52506,74541
52526,74548
52532,73316
52588,57704
52645,76391
52762,79794
52851,91539
52859,82965
52898,60063
52971,60735
53074,75560
53126,98113
53162,93665
53173,79151
53212,93663
53241,72149
53242,88047
53349,73992
53364,92562
53368,58879
53455,55240,77785,80477
53638,66202,83126
53656,63221
53674,72193
53675,78253
53695,74353
53831,73869
54035,84193
54053,98649
54079,83340
54178,55259,93538
54457,63588,82378
54483,69742,70397
54507,80439
54543,90124
54669,68989
54766,67565,70180,86411
54874,79761
54899,69761,78122,87401,91830
54938,77894
54950,75327
54967,92919
54984,59496
54997,99000
55005,96893
55157,96442
55176,60405
55192,92556
55358,78934
55407,75315
55514,99062
55529,68037
55624,58153
55636,92901
55668,69661
55700,81279
55729,98713
55772,62623,85141,90374
56158,99139
56185,68500
56248,77296
56277,76699
56318,56825,66170
56388,56967
56461,75224
56477,62561
56568,79284
56606,60815
56618,61366
56715,86635
56762,80630
56866,60227
56938,69512
57053,65199
57064,88071
57097,64315,69332,96079
57138,85261
57179,83449,90201
57249,95311
57250,82761
57289,96973
57304,74330
57541,96357
57693,60436
57718,85205
57730,86870
57755,71507
57861,58920
57867,74603
58203,73809,84243,95247
58279,99784
58352,95660
58378,80230,89054
58488,84081
58566,66587
58739,69179,97608
58743,83193
58799,95306
58811,73730
58849,98366
58855,86083
58868,83673
58921,71964
58997,66440
59098,80868,87502
59137,93945
59229,91784
59237,62656
59307,72208
59433,61381
59438,81138
59540,78819
59551,87583
59655,94352,99583
59825,64459,70420
59895,72750,88844
59966,99698
60303,75623,95539
60690,60835
60904,82523
60926,78454
61419,85917
61761,63732,75846
61862,85885,88379,92974
62068,64474
62100,64311,80010
62151,64463
62262,65384,92543
62582,84286
62767,85777
62886,63646
62894,88618
62932,70578,78068
62939,84104
62990,74354
62996,76964
63200,82525
63289,65876
63317,76614,91617
63436,69624
63540,74347
63643,81543
63691,78772
63752,76168
63771,76492,96486
63813,72736
63964,84083
64172,98512
64313,65233
64572,74342
64722,73198
65252,80677
65333,82562
65563,73174,74597
65905,71788
65913,89517
65915,97082
66125,99631
66748,77313
67096,91054
67132,78025,86895
67438,68315,94948
67452,85080
67696,89667
67759,76180
67793,75495,87979,92890
67807,94614
67843,79617
67924,97594
67978,96221
68135,81050
68254,91572
68376,72733
68824,89779
68884,94728
68911,76756
69081,92516
69172,94840
69214,82540
69391,79018
69442,84574
69730,80637
69990,83408
70059,73850
70109,93938
70119,83705,99483
70140,91599
70188,73258
70496,73245
70526,89267
70559,91384
70820,96914
70958,77154
70962,71684
70985,76400
71198,99064
71612,87916,91977
71718,73157,79074
71744,96875
71829,76264,90842,95378
71975,82148
72187,84124
72232,83735
72285,90475
72525,91616
72611,81160
72793,98893
72948,90575
73057,73132,80591,81425
73312,93808
73344,76734
73684,99059
73826,96100
73838,75709
73884,75649
74006,97675
74054,76423
74238,94787
74848,78278
74955,79255
74963,90251,99620
75091,99358
75192,94824
75217,78976
75271,97096
75304,87406
75446,83051
75627,95376
75722,94187
75873,76603
75977,79090
76037,84567
76306,98139
76397,95939
76512,97763
76624,85746
76636,95500
76637,93826
76762,89058
76854,84182,91078,97058
76971,78323
76999,77695
77251,93457
77290,78023
77438,78677
77459,81621
77745,92687
77840,78054
78007,80818
78286,93775
78448,98296
78528,87864
78551,93989
78595,92760
78948,83405,94104
78987,83176
79178,80841
79446,81429,96781
79654,79697
79702,85808
80021,95065
80633,86243
80691,96038
80758,95976
80793,90100
80856,98253
80926,90111
81283,83589
81360,97359
82056,89150
82128,93046
82406,87198
82472,92343
82577,93892
83616,90420,97847
84201,95463
84712,86941
84841,89480
85244,86074
85518,87513
85598,97853
85629,90932
85630,95633
85879,87920
86722,94880
86733,88309
87083,94159
87295,93922
87603,98770
88228,93766
88634,94969
89121,93712
89739,96935
89893,96793
89900,93290
90068,97629
91011,91424
91112,97342
91448,93404,95410
92403,92699
92691,95246
94896,95962
94965,96555
95334,96233
95631,99540
95666,97401
96844,99124
